Workbook

Sheet Leads
A1: Lead Generation — Social Media — MENA
A2: 🟡 Yellow = answers (dropdown) | 🟢 Green = auto-scores | 🔵 Blue = KPI tracking
A3: Seller Name | B3: Email Address | C3: Mobile Number | D3: Commercial Registration? سجل تجاري؟ | E3: How many SKUs? عدد المنتجات؟ | F3: Have a Website? موقع إلكتروني؟ | G3: Products Category? فئة المنتجات؟ | H3: Annual Revenue? الإيرادات؟ | I3: FBA Interest? FBA؟ | J3: CR | K3: SKU | L3: Web | M3: Cat | N3: Rev | O3: FBA | P3: TOTAL /20 | Q3: LEAD QUALITY | R3: Reg Start | S3: Reg Complete | T3: SIV Pass | U3: Launch | V3: Funnel Stage | W3: Notes
A4: Ahmed Al-Rashid | B4: ahmed@company.sa | C4: +966501234567 | D4: Yes | E4: 50+ | F4: Yes | G4: Electronics | H4: > 5M SAR | I4: Yes | J4: =IF(D4="Yes",3,IF(D4="No",0,"")) -> 3 | K4: =IF(E4="50+",4,IF(E4="20-50",3,IF(E4="5-20",2,IF(E4="1-5",1,IF(E4="0 / Not sure",0,""))))) -> 4 | L4: =IF(F4="Yes",2,IF(F4="No",0,"")) -> 2 | M4: =IF(OR(G4="Electronics",G4="Computers",G4="Phones"),4,IF(OR(G4="Home & Kitchen",G4="Beauty",G4="Fashion"),3,IF(OR(G4="Health",G4="Sports",G4="Tools"),3,IF(OR(G4="Grocery",G4="Baby",G4="Toys"),2,IF(G4="Other",0,""))))) -> 4 | N4: =IF(H4="> 5M SAR",4,IF(H4="1M - 5M SAR",3,IF(H4="500K - 1M SAR",2,IF(H4="< 500K SAR",0,"")))) -> 4 | O4: =IF(I4="Yes",3,IF(I4="No",0,"")) -> 3 | P4: =IF(COUNTA(J4:O4)=6,SUM(J4:O4),"") -> 20 | Q4: =IF(P4="","",IF(P4>14,"High",IF(P4>=8,"Medium","Low"))) -> High | R4: Yes | S4: Yes | T4: Yes | U4: Yes | V4: =IF(U4="Yes","Launched",IF(T4="Yes","SIV Pass",IF(S4="Yes","Reg Complete",IF(R4="Yes","Reg Start","")))) -> Launched | W4: Perfect lead — registered & launched!
J6: =IF(D6="Yes",3,IF(D6="No",0,"")) | K6: =IF(E6="50+",4,IF(E6="20-50",3,IF(E6="5-20",2,IF(E6="1-5",1,IF(E6="0 / Not sure",0,""))))) | L6: =IF(F6="Yes",2,IF(F6="No",0,"")) | M6: =IF(OR(G6="Electronics",G6="Computers",G6="Phones"),4,IF(OR(G6="Home & Kitchen",G6="Beauty",G6="Fashion"),3,IF(OR(G6="Health",G6="Sports",G6="Tools"),3,IF(OR(G6="Grocery",G6="Baby",G6="Toys"),2,IF(G6="Other",0,""))))) | N6: =IF(H6="> 5M SAR",4,IF(H6="1M - 5M SAR",3,IF(H6="500K - 1M SAR",2,IF(H6="< 500K SAR",0,"")))) | O6: =IF(I6="Yes",3,IF(I6="No",0,"")) | P6: =IF(COUNTA(J6:O6)=6,SUM(J6:O6),"") -> 0 | Q6: =IF(P6="","",IF(P6>14,"High",IF(P6>=8,"Medium","Low"))) -> Low | V6: =IF(U6="Yes","Launched",IF(T6="Yes","SIV Pass",IF(S6="Yes","Reg Complete",IF(R6="Yes","Reg Start",""))))
J7: =IF(D7="Yes",3,IF(D7="No",0,"")) | K7: =IF(E7="50+",4,IF(E7="20-50",3,IF(E7="5-20",2,IF(E7="1-5",1,IF(E7="0 / Not sure",0,""))))) | L7: =IF(F7="Yes",2,IF(F7="No",0,"")) | M7: =IF(OR(G7="Electronics",G7="Computers",G7="Phones"),4,IF(OR(G7="Home & Kitchen",G7="Beauty",G7="Fashion"),3,IF(OR(G7="Health",G7="Sports",G7="Tools"),3,IF(OR(G7="Grocery",G7="Baby",G7="Toys"),2,IF(G7="Other",0,""))))) | N7: =IF(H7="> 5M SAR",4,IF(H7="1M - 5M SAR",3,IF(H7="500K - 1M SAR",2,IF(H7="< 500K SAR",0,"")))) | O7: =IF(I7="Yes",3,IF(I7="No",0,"")) | P7: =IF(COUNTA(J7:O7)=6,SUM(J7:O7),"") -> 0 | Q7: =IF(P7="","",IF(P7>14,"High",IF(P7>=8,"Medium","Low"))) -> Low | V7: =IF(U7="Yes","Launched",IF(T7="Yes","SIV Pass",IF(S7="Yes","Reg Complete",IF(R7="Yes","Reg Start",""))))
J8: =IF(D8="Yes",3,IF(D8="No",0,"")) | K8: =IF(E8="50+",4,IF(E8="20-50",3,IF(E8="5-20",2,IF(E8="1-5",1,IF(E8="0 / Not sure",0,""))))) | L8: =IF(F8="Yes",2,IF(F8="No",0,"")) | M8: =IF(OR(G8="Electronics",G8="Computers",G8="Phones"),4,IF(OR(G8="Home & Kitchen",G8="Beauty",G8="Fashion"),3,IF(OR(G8="Health",G8="Sports",G8="Tools"),3,IF(OR(G8="Grocery",G8="Baby",G8="Toys"),2,IF(G8="Other",0,""))))) | N8: =IF(H8="> 5M SAR",4,IF(H8="1M - 5M SAR",3,IF(H8="500K - 1M SAR",2,IF(H8="< 500K SAR",0,"")))) | O8: =IF(I8="Yes",3,IF(I8="No",0,"")) | P8: =IF(COUNTA(J8:O8)=6,SUM(J8:O8),"") -> 0 | Q8: =IF(P8="","",IF(P8>14,"High",IF(P8>=8,"Medium","Low"))) -> Low | V8: =IF(U8="Yes","Launched",IF(T8="Yes","SIV Pass",IF(S8="Yes","Reg Complete",IF(R8="Yes","Reg Start",""))))
J9: =IF(D9="Yes",3,IF(D9="No",0,"")) | K9: =IF(E9="50+",4,IF(E9="20-50",3,IF(E9="5-20",2,IF(E9="1-5",1,IF(E9="0 / Not sure",0,""))))) | L9: =IF(F9="Yes",2,IF(F9="No",0,"")) | M9: =IF(OR(G9="Electronics",G9="Computers",G9="Phones"),4,IF(OR(G9="Home & Kitchen",G9="Beauty",G9="Fashion"),3,IF(OR(G9="Health",G9="Sports",G9="Tools"),3,IF(OR(G9="Grocery",G9="Baby",G9="Toys"),2,IF(G9="Other",0,""))))) | N9: =IF(H9="> 5M SAR",4,IF(H9="1M - 5M SAR",3,IF(H9="500K - 1M SAR",2,IF(H9="< 500K SAR",0,"")))) | O9: =IF(I9="Yes",3,IF(I9="No",0,"")) | P9: =IF(COUNTA(J9:O9)=6,SUM(J9:O9),"") -> 0 | Q9: =IF(P9="","",IF(P9>14,"High",IF(P9>=8,"Medium","Low"))) -> Low | V9: =IF(U9="Yes","Launched",IF(T9="Yes","SIV Pass",IF(S9="Yes","Reg Complete",IF(R9="Yes","Reg Start",""))))
J10: =IF(D10="Yes",3,IF(D10="No",0,"")) | K10: =IF(E10="50+",4,IF(E10="20-50",3,IF(E10="5-20",2,IF(E10="1-5",1,IF(E10="0 / Not sure",0,""))))) | L10: =IF(F10="Yes",2,IF(F10="No",0,"")) | M10: =IF(OR(G10="Electronics",G10="Computers",G10="Phones"),4,IF(OR(G10="Home & Kitchen",G10="Beauty",G10="Fashion"),3,IF(OR(G10="Health",G10="Sports",G10="Tools"),3,IF(OR(G10="Grocery",G10="Baby",G10="Toys"),2,IF(G10="Other",0,""))))) | N10: =IF(H10="> 5M SAR",4,IF(H10="1M - 5M SAR",3,IF(H10="500K - 1M SAR",2,IF(H10="< 500K SAR",0,"")))) | O10: =IF(I10="Yes",3,IF(I10="No",0,"")) | P10: =IF(COUNTA(J10:O10)=6,SUM(J10:O10),"") -> 0 | Q10: =IF(P10="","",IF(P10>14,"High",IF(P10>=8,"Medium","Low"))) -> Low | V10: =IF(U10="Yes","Launched",IF(T10="Yes","SIV Pass",IF(S10="Yes","Reg Complete",IF(R10="Yes","Reg Start",""))))
J11: =IF(D11="Yes",3,IF(D11="No",0,"")) | K11: =IF(E11="50+",4,IF(E11="20-50",3,IF(E11="5-20",2,IF(E11="1-5",1,IF(E11="0 / Not sure",0,""))))) | L11: =IF(F11="Yes",2,IF(F11="No",0,"")) | M11: =IF(OR(G11="Electronics",G11="Computers",G11="Phones"),4,IF(OR(G11="Home & Kitchen",G11="Beauty",G11="Fashion"),3,IF(OR(G11="Health",G11="Sports",G11="Tools"),3,IF(OR(G11="Grocery",G11="Baby",G11="Toys"),2,IF(G11="Other",0,""))))) | N11: =IF(H11="> 5M SAR",4,IF(H11="1M - 5M SAR",3,IF(H11="500K - 1M SAR",2,IF(H11="< 500K SAR",0,"")))) | O11: =IF(I11="Yes",3,IF(I11="No",0,"")) | P11: =IF(COUNTA(J11:O11)=6,SUM(J11:O11),"") -> 0 | Q11: =IF(P11="","",IF(P11>14,"High",IF(P11>=8,"Medium","Low"))) -> Low | V11: =IF(U11="Yes","Launched",IF(T11="Yes","SIV Pass",IF(S11="Yes","Reg Complete",IF(R11="Yes","Reg Start",""))))
J12: =IF(D12="Yes",3,IF(D12="No",0,"")) | K12: =IF(E12="50+",4,IF(E12="20-50",3,IF(E12="5-20",2,IF(E12="1-5",1,IF(E12="0 / Not sure",0,""))))) | L12: =IF(F12="Yes",2,IF(F12="No",0,"")) | M12: =IF(OR(G12="Electronics",G12="Computers",G12="Phones"),4,IF(OR(G12="Home & Kitchen",G12="Beauty",G12="Fashion"),3,IF(OR(G12="Health",G12="Sports",G12="Tools"),3,IF(OR(G12="Grocery",G12="Baby",G12="Toys"),2,IF(G12="Other",0,""))))) | N12: =IF(H12="> 5M SAR",4,IF(H12="1M - 5M SAR",3,IF(H12="500K - 1M SAR",2,IF(H12="< 500K SAR",0,"")))) | O12: =IF(I12="Yes",3,IF(I12="No",0,"")) | P12: =IF(COUNTA(J12:O12)=6,SUM(J12:O12),"") -> 0 | Q12: =IF(P12="","",IF(P12>14,"High",IF(P12>=8,"Medium","Low"))) -> Low | V12: =IF(U12="Yes","Launched",IF(T12="Yes","SIV Pass",IF(S12="Yes","Reg Complete",IF(R12="Yes","Reg Start",""))))
J13: =IF(D13="Yes",3,IF(D13="No",0,"")) | K13: =IF(E13="50+",4,IF(E13="20-50",3,IF(E13="5-20",2,IF(E13="1-5",1,IF(E13="0 / Not sure",0,""))))) | L13: =IF(F13="Yes",2,IF(F13="No",0,"")) | M13: =IF(OR(G13="Electronics",G13="Computers",G13="Phones"),4,IF(OR(G13="Home & Kitchen",G13="Beauty",G13="Fashion"),3,IF(OR(G13="Health",G13="Sports",G13="Tools"),3,IF(OR(G13="Grocery",G13="Baby",G13="Toys"),2,IF(G13="Other",0,""))))) | N13: =IF(H13="> 5M SAR",4,IF(H13="1M - 5M SAR",3,IF(H13="500K - 1M SAR",2,IF(H13="< 500K SAR",0,"")))) | O13: =IF(I13="Yes",3,IF(I13="No",0,"")) | P13: =IF(COUNTA(J13:O13)=6,SUM(J13:O13),"") -> 0 | Q13: =IF(P13="","",IF(P13>14,"High",IF(P13>=8,"Medium","Low"))) -> Low | V13: =IF(U13="Yes","Launched",IF(T13="Yes","SIV Pass",IF(S13="Yes","Reg Complete",IF(R13="Yes","Reg Start",""))))
J14: =IF(D14="Yes",3,IF(D14="No",0,"")) | K14: =IF(E14="50+",4,IF(E14="20-50",3,IF(E14="5-20",2,IF(E14="1-5",1,IF(E14="0 / Not sure",0,""))))) | L14: =IF(F14="Yes",2,IF(F14="No",0,"")) | M14: =IF(OR(G14="Electronics",G14="Computers",G14="Phones"),4,IF(OR(G14="Home & Kitchen",G14="Beauty",G14="Fashion"),3,IF(OR(G14="Health",G14="Sports",G14="Tools"),3,IF(OR(G14="Grocery",G14="Baby",G14="Toys"),2,IF(G14="Other",0,""))))) | N14: =IF(H14="> 5M SAR",4,IF(H14="1M - 5M SAR",3,IF(H14="500K - 1M SAR",2,IF(H14="< 500K SAR",0,"")))) | O14: =IF(I14="Yes",3,IF(I14="No",0,"")) | P14: =IF(COUNTA(J14:O14)=6,SUM(J14:O14),"") -> 0 | Q14: =IF(P14="","",IF(P14>14,"High",IF(P14>=8,"Medium","Low"))) -> Low | V14: =IF(U14="Yes","Launched",IF(T14="Yes","SIV Pass",IF(S14="Yes","Reg Complete",IF(R14="Yes","Reg Start",""))))
J15: =IF(D15="Yes",3,IF(D15="No",0,"")) | K15: =IF(E15="50+",4,IF(E15="20-50",3,IF(E15="5-20",2,IF(E15="1-5",1,IF(E15="0 / Not sure",0,""))))) | L15: =IF(F15="Yes",2,IF(F15="No",0,"")) | M15: =IF(OR(G15="Electronics",G15="Computers",G15="Phones"),4,IF(OR(G15="Home & Kitchen",G15="Beauty",G15="Fashion"),3,IF(OR(G15="Health",G15="Sports",G15="Tools"),3,IF(OR(G15="Grocery",G15="Baby",G15="Toys"),2,IF(G15="Other",0,""))))) | N15: =IF(H15="> 5M SAR",4,IF(H15="1M - 5M SAR",3,IF(H15="500K - 1M SAR",2,IF(H15="< 500K SAR",0,"")))) | O15: =IF(I15="Yes",3,IF(I15="No",0,"")) | P15: =IF(COUNTA(J15:O15)=6,SUM(J15:O15),"") -> 0 | Q15: =IF(P15="","",IF(P15>14,"High",IF(P15>=8,"Medium","Low"))) -> Low | V15: =IF(U15="Yes","Launched",IF(T15="Yes","SIV Pass",IF(S15="Yes","Reg Complete",IF(R15="Yes","Reg Start",""))))
J16: =IF(D16="Yes",3,IF(D16="No",0,"")) | K16: =IF(E16="50+",4,IF(E16="20-50",3,IF(E16="5-20",2,IF(E16="1-5",1,IF(E16="0 / Not sure",0,""))))) | L16: =IF(F16="Yes",2,IF(F16="No",0,"")) | M16: =IF(OR(G16="Electronics",G16="Computers",G16="Phones"),4,IF(OR(G16="Home & Kitchen",G16="Beauty",G16="Fashion"),3,IF(OR(G16="Health",G16="Sports",G16="Tools"),3,IF(OR(G16="Grocery",G16="Baby",G16="Toys"),2,IF(G16="Other",0,""))))) | N16: =IF(H16="> 5M SAR",4,IF(H16="1M - 5M SAR",3,IF(H16="500K - 1M SAR",2,IF(H16="< 500K SAR",0,"")))) | O16: =IF(I16="Yes",3,IF(I16="No",0,"")) | P16: =IF(COUNTA(J16:O16)=6,SUM(J16:O16),"") -> 0 | Q16: =IF(P16="","",IF(P16>14,"High",IF(P16>=8,"Medium","Low"))) -> Low | V16: =IF(U16="Yes","Launched",IF(T16="Yes","SIV Pass",IF(S16="Yes","Reg Complete",IF(R16="Yes","Reg Start",""))))
J17: =IF(D17="Yes",3,IF(D17="No",0,"")) | K17: =IF(E17="50+",4,IF(E17="20-50",3,IF(E17="5-20",2,IF(E17="1-5",1,IF(E17="0 / Not sure",0,""))))) | L17: =IF(F17="Yes",2,IF(F17="No",0,"")) | M17: =IF(OR(G17="Electronics",G17="Computers",G17="Phones"),4,IF(OR(G17="Home & Kitchen",G17="Beauty",G17="Fashion"),3,IF(OR(G17="Health",G17="Sports",G17="Tools"),3,IF(OR(G17="Grocery",G17="Baby",G17="Toys"),2,IF(G17="Other",0,""))))) | N17: =IF(H17="> 5M SAR",4,IF(H17="1M - 5M SAR",3,IF(H17="500K - 1M SAR",2,IF(H17="< 500K SAR",0,"")))) | O17: =IF(I17="Yes",3,IF(I17="No",0,"")) | P17: =IF(COUNTA(J17:O17)=6,SUM(J17:O17),"") -> 0 | Q17: =IF(P17="","",IF(P17>14,"High",IF(P17>=8,"Medium","Low"))) -> Low | V17: =IF(U17="Yes","Launched",IF(T17="Yes","SIV Pass",IF(S17="Yes","Reg Complete",IF(R17="Yes","Reg Start",""))))
... J104: =IF(D104="Yes",3,IF(D104="No",0,"")) | K104: =IF(E104="50+",4,IF(E104="20-50",3,IF(E104="5-20",2,IF(E104="1-5",1,IF(E104="0 / Not sure",0,""))))) | L104: =IF(F104="Yes",2,IF(F104="No",0,"")) | M104: =IF(OR(G104="Electronics",G104="Computers",G104="Phones"),4,IF(OR(G104="Home & Kitchen",G104="Beauty",G104="Fashion"),3,IF(OR(G104="Health",G104="Sports",G104="Tools"),3,IF(OR(G104="Grocery",G104="Baby",G104="Toys"),2,IF(G104="Other",0,""))))) | N104: =IF(H104="> 5M SAR",4,IF(H104="1M - 5M SAR",3,IF(H104="500K - 1M SAR",2,IF(H104="< 500K SAR",0,"")))) | O104: =IF(I104="Yes",3,IF(I104="No",0,"")) | P104: =IF(COUNTA(J104:O104)=6,SUM(J104:O104),"") -> 0 | Q104: =IF(P104="","",IF(P104>14,"High",IF(P104>=8,"Medium","Low"))) -> Low | V104: =IF(U104="Yes","Launched",IF(T104="Yes","SIV Pass",IF(S104="Yes","Reg Complete",IF(R104="Yes","Reg Start",""))))

Sheet Scoring Guide
B1: Scoring Guide
B2: 6 scored questions, max 20 points
B4: # | C4: Question | D4: Answer | E4: Score | G4: Lead Quality | H4: Score Range
B5: 1 | C5: Commercial Registration? | D5: Yes | E5: 3 | G5: 🔥 High | H5: > 14 pts
D6: No | E6: 0 | G6: 🟡 Medium | H6: 8 — 14 pts
B7: 2 | C7: How many SKUs? | D7: 50+ | E7: 4 | G7: 🔵 Low | H7: < 8 pts
D8: 20-50 | E8: 3
D9: 5-20 | E9: 2 | G9: KPI Summary
D10: 1-5 | E10: 1 | G10: KPI | H10: Count | I10: %
D11: 0 / Not sure | E11: 0 | G11: Total Leads | H11: =COUNTA(Leads!A4:A104)-1 -> 0
B12: 3 | C12: Have a website? | D12: Yes | E12: 2 | G12: Reg Start | H12: =COUNTIF(Leads!R4:R104,"Yes") -> 1 | I12: =IF(H11=0,"",H12/H11)
D13: No | E13: 0 | G13: Reg Complete | H13: =COUNTIF(Leads!S4:S104,"Yes") -> 1 | I13: =IF(H11=0,"",H13/H11)
B14: 4 | C14: Products Category? | D14: Electronics / Computers / Phones | E14: 4 | G14: SIV Pass | H14: =COUNTIF(Leads!T4:T104,"Yes") -> 1 | I14: =IF(H11=0,"",H14/H11)
D15: Home & Kitchen / Beauty / Fashion | E15: 3 | G15: Launched | H15: =COUNTIF(Leads!U4:U104,"Yes") -> 1 | I15: =IF(H11=0,"",H15/H11)
D16: Health / Sports / Tools | E16: 3
D17: Grocery / Baby / Toys | E17: 2 | G17: Example: Ahmed
D18: Other | E18: 0 | G18: CR? | H18: Yes → 3
B19: 5 | C19: Annual Revenue? | D19: > 5M SAR | E19: 4 | G19: SKUs? | H19: 50+ → 4
D20: 1M - 5M SAR | E20: 3 | G20: Website? | H20: Yes → 2
D21: 500K - 1M SAR | E21: 2 | G21: Category? | H21: Electronics → 4
D22: < 500K SAR | E22: 0 | G22: Revenue? | H22: > 5M → 4
B23: 6 | C23: FBA Interest? | D23: Yes | E23: 3 | G23: FBA? | H23: Yes → 3
D24: No | E24: 0 | G24: TOTAL | H24: 20 → 🔥 High
C26: MAXIMUM TOTAL SCORE | E26: 20
